{"Training Steering Loss ": 0.09473776072263718, "_timestamp": 1716088727.1507404, "_runtime": 33.88973832130432, "_step": 845, "_wandb": {"runtime": 33}}